{"session_date": "15/03/2021", "session_time": "13:01:34", "data": {"overall_stress": 45.18181818181818, "overall_happy": 4.318181818181818, "overall_fear": 8.318181818181818, "overall_angry": 42.77272727272727, "overall_disgust": 0.0, "overall_neutral": 11.954545454545455, "overall_surprise": 2.0, "overall_sad": 30.40909090909091, "avg_stress_timeline": [], "avg_happy_timeline": [], "avg_fear_timeline": [], "avg_angry_timeline": [], "avg_disgust_timeline": [], "avg_neutral_timeline": [], "avg_surprise_timeline": [], "avg_sad_timeline": []}, "development": {"stress_timeline": [0, 28, 87, 84, 40, 34, 34, 41, 52, 48, 61, 35, 40, 46, 46, 41, 41, 41, 36, 36, 57, 66], "happy_timeline": [10, 4, 5, 4, 2, 2, 10, 3, 11, 6, 9, 2, 3, 2, 2, 2, 0, 2, 1, 8, 3, 4], "fear_timeline": [5, 6, 8, 6, 8, 8, 7, 10, 11, 12, 8, 8, 6, 8, 9, 5, 7, 8, 13, 9, 10, 11], "angry_timeline": [41, 41, 41, 44, 43, 57, 43, 61, 35, 36, 38, 46, 42, 41, 36, 35, 53, 35, 34, 47, 48, 44], "disgust_timeline": [0, 0, 0, 0, 0, 0, 0, 0, 0, 0, 0, 0, 0, 0, 0, 0, 0, 0, 0, 0, 0, 0], "neutral_timeline": [8, 5, 6, 8, 6, 7, 10, 5, 12, 10, 17, 13, 19, 14, 20, 14, 14, 21, 19, 11, 14, 10], "surprise_timeline": [1, 0, 1, 1, 1, 0, 2, 1, 4, 1, 2, 2, 3, 2, 1, 2, 1, 2, 3, 6, 4, 4], "sad_timeline": [34, 43, 39, 38, 40, 24, 27, 20, 27, 35, 27, 28, 26, 33, 32, 41, 25, 33, 30, 18, 21, 28]}}